Country,GrowthRate1,GrowthRate2,DayOfChange
Algeria,0.26786,0,0
Australia,0.093516,0,0
Brazil,0.13343,0,0
Chile,0.1001,0,0
China,0.11434,0.003935,21.304
Egypt,0.0597,0,0
Germany,0.10808,0,22.639
Iran (Islamic Republic of),0.10938,0.02694,17.351
Italy,0.089606,0,28.275
Japan,0.038206,0.0199,22.576
South Africa,0.10149,0,0
Korea (Republic of),0.13066,0.010558,10.566
United Kingdom,0.098858,0,18.396
United States,0.12646,0,23.831
